"時間.年.","行業","受僱員工人數","平均薪資","經常性.薪資","非經常性薪資","加班費","平均.工時","正常.工時","加班.工時","進.入.率","退.出.率","勞動.生產力.指數","單位產出.勞動成本.指數","平均.薪資.指數","經常性.薪資.指數"
"62","工業部門","1652079","2254","1919","335","-","222.6","203.4","19.2","5.43","4.88","-","-","5.30","5.61"
"62","礦業及土石採取業","60655","2964","2335","629","-","186.1","181.2","4.9","5.37","4.78","-","-","5.56","5.74"
"62","製造業","1456309","2179","1832","347","-","225.5","204.4","21.1","4.85","4.43","-","-","5.14","5.45"
"62","電力及燃氣供應業","14424","4331","3642","689","-","236.1","184.4","51.7","0.88","0.66","-","-","4.45","5.54"
"62","營造業","114276","2558","2558","-","-","205.2","205.2","-","13.74","11.50","-","-","6.53","7.21"
"62","運輸及倉儲業","181557","3163","2865","298","-","223.4","205.1","18.3","3.57","3.30","-","-","6.53","7.29"
"63","工業部門","1705472","3078","2702","376","-","214.9","200.1","14.8","4.59","4.73","-","-","7.24","7.90"
"63","礦業及土石採取業","63759","4528","4391","137","-","184.1","179.5","4.6","4.84","4.52","-","-","8.49","10.80"
"63","製造業","1475173","2918","2495","423","-","216.7","200.4","16.3","3.77","4.29","-","-","6.88","7.42"
"63","電力及燃氣供應業","15044","6337","5799","538","-","238.5","184.2","54.3","1.31","0.99","-","-","6.52","8.82"
"63","營造業","144896","3700","3700","-","-","206.9","206.9","-","13.22","9.79","-","-","9.45","10.43"
"63","運輸及倉儲業","183181","4550","4207","343","-","220.9","206.5","14.4","2.84","3.29","-","-","9.39","10.70"
"64","工業部門","1714607","3637","3199","438","-","218.3","201.2","17.1","5.07","4.31","-","-","8.56","9.35"
"64","礦業及土石採取業","64152","5131","4996","135","-","182.4","177.6","4.8","4.25","4.39","-","-","9.62","12.29"
"64","製造業","1429739","3424","2921","503","-","221.7","202.1","19.6","4.18","3.56","-","-","8.08","8.69"
"64","電力及燃氣供應業","16343","7564","6523","1041","-","239.1","183.0","56.1","1.41","0.65","-","-","7.78","9.92"
"64","營造業","197585","4341","4315","26","-","203.8","203.8","-","12.14","10.07","-","-","11.08","12.16"
"64","運輸及倉儲業","175386","5198","4780","418","-","220.3","206.2","14.1","2.38","2.31","-","-","10.73","12.16"
"64","金融及保險業","56519","7731","6749","982","-","194.6","181.7","12.9","1.27","0.73","-","-","11.20","12.97"
"64","不動產業","15931","15091","14378","713","-","195.2","184.1","11.1","1.43","1.33","-","-","39.39","43.15"
"64","專業、科學及技術服務業","21645","6911","6320","591","-","193.6","187.8","5.8","2.82","2.45","-","-","13.36","14.84"
"65","工業部門","1943774","4266","3687","579","-","219.8","201.8","18.0","5.19","4.27","-","-","10.04","10.78"
"65","礦業及土石採取業","65333","6200","6055","145","-","183.9","179.0","4.9","4.37","4.11","-","-","11.62","14.90"
"65","製造業","1608427","4041","3367","674","-","223.1","202.2","20.9","4.67","3.80","-","-","9.53","10.01"
"65","電力及燃氣供應業","17047","8119","6835","1284","-","242.7","184.6","58.1","0.89","0.63","-","-","8.35","10.40"
"65","營造業","246073","4941","4911","30","-","206.2","206.2","-","9.27","7.76","-","-","12.61","13.84"
"65","運輸及倉儲業","181774","5621","5192","429","-","218.8","204.6","14.2","2.42","2.10","-","-","11.60","13.21"
"65","金融及保險業","60416","8299","7273","1026","-","196.3","183.5","12.8","2.13","1.59","-","-","12.02","13.98"
"65","不動產業","15754","15652","14896","756","-","195.9","185.1","10.8","1.28","1.21","-","-","40.85","44.70"
"65","專業、科學及技術服務業","22844","7539","6894","645","-","192.4","186.8","5.6","3.23","2.99","-","-","14.57","16.18"
"66","工業部門","2120421","5068","4231","837","-","219.2","203.0","16.2","4.32","3.64","-","-","11.92","12.36"
"66","礦業及土石採取業","61431","6684","6533","151","-","180.0","176.2","3.8","3.10","3.87","-","-","12.53","16.07"
"66","製造業","1733527","4859","3863","996","-","222.7","203.7","19.0","3.84","3.22","-","-","11.46","11.49"
"66","電力及燃氣供應業","17727","9316","7912","1404","-","238.4","183.6","54.8","1.08","0.69","-","-","9.58","12.04"
"66","營造業","300598","5679","5636","43","-","205.5","205.5","-","7.58","6.24","-","-","14.50","15.88"
"66","批發及零售業","455661","5233","4564","669","-","214.5","211.5","3.0","3.28","2.67","-","-","13.29","13.49"
"66","運輸及倉儲業","185268","6526","5985","541","-","217.0","203.9","13.1","2.95","2.67","-","-","13.47","15.23"
"66","金融及保險業","65831","9344","7946","1398","-","199.4","185.9","13.5","1.86","0.99","-","-","13.53","15.27"
"66","不動產業","15604","16256","15458","798","-","198.0","186.6","11.4","1.16","1.05","-","-","42.43","46.39"
"66","專業、科學及技術服務業","24485","8145","7448","697","-","192.6","186.9","5.7","2.95","1.85","-","-","15.74","17.48"
"67","工業部門","2292935","5631","4751","880","-","217.7","201.5","16.2","5.34","4.49","-","-","13.25","13.88"
"67","礦業及土石採取業","55379","7683","7420","263","-","180.3","176.5","3.8","4.58","5.30","-","-","14.40","18.26"
"67","製造業","1883951","5416","4375","1041","-","221.3","202.1","19.2","4.47","3.79","-","-","12.78","13.01"
"67","電力及燃氣供應業","18414","10389","9200","1189","-","232.8","187.5","45.3","1.45","1.03","-","-","10.68","14.00"
"67","營造業","328031","6228","6176","52","-","203.4","203.4","-","10.71","8.60","-","-","15.90","17.40"
"67","批發及零售業","460546","5408","4931","477","-","217.4","214.3","3.1","3.82","3.44","-","-","13.73","14.57"
"67","運輸及倉儲業","197658","7573","6849","724","-","216.4","201.9","14.5","3.10","2.57","-","-","15.63","17.42"
"67","金融及保險業","72397","9665","8435","1230","-","199.3","185.5","13.8","1.11","0.33","-","-","14.00","16.21"
"67","不動產業","15550","16548","15708","840","-","199.9","187.6","12.3","0.80","0.69","-","-","43.19","47.14"
"67","專業、科學及技術服務業","26287","9042","8269","773","-","196.7","190.7","6.0","1.40","0.75","-","-","17.48","19.41"
"68","工業部門","2395510","6727","5789","938","-","217.1","201.1","16.0","5.73","5.52","-","-","15.83","16.92"
"68","礦業及土石採取業","51572","9127","8943","184","-","181.6","176.5","5.1","2.55","3.40","-","-","17.11","22.00"
"68","製造業","1963667","6549","5447","1102","-","220.0","201.1","18.9","5.56","5.25","-","-","15.45","16.20"
"68","電力及燃氣供應業","19125","13044","11078","1966","-","230.5","184.1","46.4","0.94","0.67","-","-","13.42","16.86"
"68","營造業","352614","6994","6903","91","-","205.4","205.4","-","7.42","7.71","-","-","17.86","19.45"
"68","批發及零售業","527524","7479","6994","485","-","213.7","208.9","4.8","3.42","2.72","-","-","18.99","20.67"
"68","運輸及倉儲業","204498","9123","8300","823","-","215.9","202.4","13.5","3.83","3.49","-","-","18.83","21.12"
"68","金融及保險業","78995","11210","9688","1522","2","202.9","185.5","17.4","1.75","0.98","-","-","16.23","18.62"
"68","不動產業","15344","17402","16471","931","-","199.6","185.4","14.2","0.72","0.68","-","-","45.42","49.43"
"68","專業、科學及技術服務業","33244","10803","9977","826","-","195.4","190.0","5.4","4.79","1.49","-","-","20.88","23.42"
"68","醫療保健服務業","36827","11413","11261","152","-","207.3","204.6","2.7","0.91","0.43","-","-","20.59","24.30"
"68","藝術、娛樂及休閒服務業","21000","8069","6736","1333","-","235.4","229.5","5.9","0.83","0.74","-","-","25.78","23.63"
"68","其他服務業","60464","7558","7356","202","-","249.2","244.9","4.3","5.61","1.17","-","-","25.02","27.15"
"69","工業部門","2480614","8205","7084","1121","-","217.2","202.4","14.8","3.98","3.63","-","-","19.30","20.70"
"69","服務業部門","1188343","10174","9169","1005","-","210.8","203.4","7.4","3.30","2.68","-","-","22.94","24.75"
"69","礦業及土石採取業","49096","11549","11314","235","-","187.4","182.5","4.9","3.18","3.36","-","-","21.65","27.84"
"69","製造業","2028620","8034","6719","1315","-","220.6","203.2","17.4","3.90","3.66","-","-","18.95","19.99"
"69","電力及燃氣供應業","20195","14944","12828","2116","-","228.9","184.6","44.3","1.15","0.56","-","-","15.37","19.52"
"69","用水供應及污染整治業","10090","9103","8568","535","-","204.7","198.5","6.2","1.03","0.86","-","-","19.27","22.77"
"69","營造業","372613","8309","8167","142","-","201.4","201.4","-","4.75","3.80","-","-","21.21","23.01"
"69","批發及零售業","537394","9274","8172","1102","-","210.3","204.9","5.4","3.69","3.24","-","-","23.55","24.15"
"69","運輸及倉儲業","216285","10585","9822","763","-","214.6","202.1","12.5","2.47","2.29","-","-","21.84","24.99"
"69","住宿及餐飲業","75838","7358","6727","631","-","213.2","211.0","2.2","4.45","4.52","-","-","29.48","28.98"
"69","資訊及通訊傳播業","48854","13708","12612","1096","-","191.9","187.1","4.8","1.52","1.13","-","-","22.42","25.88"
"69","金融及保險業","84222","14103","11952","2151","-","196.9","179.1","17.8","2.29","1.86","-","-","20.42","22.97"
"69","不動產業","14713","17961","16921","1040","-","197.8","183.2","14.6","0.60","0.83","-","-","46.88","50.78"
"69","專業、科學及技術服務業","62617","10902","9910","992","-","202.4","195.1","7.3","7.70","2.35","-","-","21.07","23.26"
"69","支援服務業","24595","10354","9591","763","-","204.1","194.9","9.2","2.26","1.97","-","-","31.74","32.42"
"69","醫療保健服務業","39123","12724","12253","471","-","208.1","204.4","3.7","1.26","0.49","-","-","22.96","26.44"
"69","藝術、娛樂及休閒服務業","21340","8219","7466","753","-","230.1","225.2","4.9","2.08","1.73","-","-","26.26","26.19"
"69","其他服務業","63362","8313","7941","372","-","243.3","239.6","3.7","2.43","1.98","-","-","27.52","29.31"
"70","工業部門","2513038","9914","8869","1045","-","208.6","196.0","12.6","4.44","4.39","-","-","23.32","25.92"
"70","服務業部門","1269393","12186","10965","1221","-","204.9","197.4","7.5","2.97","2.49","-","-","27.47","29.59"
"70","礦業及土石採取業","46799","14751","14484","267","-","188.2","185.5","2.7","3.31","3.71","-","-","27.65","35.63"
"70","製造業","2070043","9555","8360","1195","-","210.2","195.6","14.6","4.49","4.25","-","-","22.54","24.87"
"70","電力及燃氣供應業","21500","19157","16838","2319","-","206.3","182.4","23.9","1.08","0.36","-","-","19.70","25.62"
"70","用水供應及污染整治業","11090","10800","10192","608","-","202.0","195.4","6.6","1.73","0.81","-","-","22.86","27.09"
"70","營造業","363606","10764","10531","233","-","202.6","200.6","2.0","4.58","5.65","-","-","27.48","29.67"
"70","批發及零售業","596473","11488","10170","1318","-","198.5","193.4","5.1","3.68","3.01","-","-","29.17","30.05"
"70","運輸及倉儲業","215892","12696","11651","1045","-","215.4","201.4","14.0","2.24","2.12","-","-","26.20","29.64"
"70","住宿及餐飲業","78647","8501","7818","683","-","223.5","221.3","2.2","4.71","4.19","-","-","34.06","33.69"
"70","資訊及通訊傳播業","54125","15999","14748","1251","-","187.6","181.9","5.7","1.71","0.87","-","-","26.17","30.26"
"70","金融及保險業","89345","17467","15121","2346","1","196.6","180.9","15.7","1.74","1.37","-","-","25.29","29.07"
"70","不動產業","14624","18724","17625","1099","-","197.8","185.4","12.4","0.54","0.47","-","-","48.87","52.89"
"70","專業、科學及技術服務業","65190","12463","11350","1113","-","199.6","194.0","5.6","2.34","2.27","-","-","24.09","26.64"
"70","支援服務業","27007","11401","10581","820","-","203.2","195.1","8.1","2.66","1.89","-","-","34.95","35.77"
"70","醫療保健服務業","44532","14502","14009","493","-","197.1","188.4","8.7","1.57","0.57","-","-","26.16","30.23"
"70","藝術、娛樂及休閒服務業","21442","10033","7824","2209","-","226.0","219.3","6.7","1.84","1.81","-","-","32.05","27.45"
"70","其他服務業","62116","8462","8030","432","-","237.5","234.1","3.4","2.15","2.18","-","-","28.02","29.64"
"71","工業部門","2484583","10771","9715","1056","-","208.2","196.4","11.8","3.74","4.01","27.24","81.13","25.34","28.39"
"71","服務業部門","1309193","12803","11690","1113","-","208.9","201.5","7.4","2.58","2.41","-","-","28.86","31.55"
"71","礦業及土石採取業","44100","15198","14847","351","-","187.1","183.4","3.7","3.12","3.74","51.10","54.42","28.49","36.53"
"71","製造業","2072774","10455","9264","1191","-","209.7","196.2","13.5","3.41","3.63","27.62","79.47","24.66","27.56"
"71","電力及燃氣供應業","23358","20612","18106","2506","-","209.5","180.8","28.7","0.88","0.38","20.10","86.38","21.20","27.55"
"71","用水供應及污染整治業","11885","12191","11369","822","-","207.4","199.1","8.3","1.54","0.99","-","-","25.80","30.21"
"71","營造業","332466","11415","11202","213","-","201.9","200.5","1.4","6.19","6.80","-","-","29.14","31.56"
"71","批發及零售業","616649","11729","10656","1073","-","202.8","197.2","5.6","3.06","2.89","-","-","29.78","31.49"
"71","運輸及倉儲業","217127","13957","12802","1155","-","212.9","199.9","13.0","1.75","1.74","-","-","28.80","32.57"
"71","住宿及餐飲業","82564","8730","8234","496","-","230.1","228.5","1.6","3.25","2.99","-","-","34.98","35.48"
"71","資訊及通訊傳播業","56484","16190","14998","1192","-","194.7","190.4","4.3","1.31","1.17","-","-","26.48","30.77"
"71","金融及保險業","95534","19269","16536","2733","-","195.8","179.3","16.5","1.78","1.04","-","-","27.90","31.79"
"71","不動產業","14544","20574","18962","1612","-","191.0","181.3","9.7","2.63","2.80","-","-","53.70","56.90"
"71","專業、科學及技術服務業","68178","13997","13011","986","-","205.4","199.2","6.2","2.86","2.55","-","-","27.05","30.54"
"71","支援服務業","28473","13109","12013","1096","-","207.3","196.4","10.9","2.63","2.23","-","-","40.18","40.61"
"71","醫療保健服務業","46234","13360","13131","229","-","224.0","218.8","5.2","1.00","1.07","-","-","24.10","28.33"
"71","藝術、娛樂及休閒服務業","19702","8943","8353","590","-","252.1","249.3","2.8","2.70","3.71","-","-","28.57","29.31"
"71","其他服務業","63704","9446","8957","489","-","242.5","237.9","4.6","3.04","2.91","-","-","31.28","33.07"
"72","工業部門","2581297","11489","10388","1101","-","207.8","195.6","12.2","5.54","4.69","29.30","79.65","27.03","30.36"
"72","服務業部門","1351161","13330","12229","1101","-","206.1","198.1","8.0","4.02","3.41","-","-","30.05","33.00"
"72","礦業及土石採取業","39082","14822","14422","400","-","184.7","181.1","3.6","3.08","4.06","56.78","48.38","27.79","35.48"
"72","製造業","2174794","11121","9902","1219","-","209.7","195.8","13.9","5.17","4.23","29.74","78.20","26.23","29.45"
"72","電力及燃氣供應業","24605","21678","18291","3387","-","207.2","181.7","25.5","0.67","0.41","21.50","85.89","22.30","27.83"
"72","用水供應及污染整治業","12409","12678","11887","791","-","203.3","195.0","8.3","2.22","1.89","-","-","26.83","31.59"
"72","營造業","330407","12718","12468","250","-","198.7","197.3","1.4","8.70","8.20","-","-","32.47","35.13"
"72","批發及零售業","625667","12232","11288","944","-","203.6","196.2","7.4","4.70","4.19","-","-","31.06","33.36"
"72","運輸及倉儲業","220066","14239","13114","1125","-","209.3","196.9","12.4","2.60","2.28","-","-","29.38","33.36"
"72","住宿及餐飲業","82594","9494","8567","927","-","227.6","224.7","2.9","5.00","4.94","-","-","38.04","36.91"
"72","資訊及通訊傳播業","62809","16362","15274","1088","-","180.1","176.6","3.5","2.01","0.95","-","-","26.76","31.34"
"72","金融及保險業","105534","19134","16752","2382","-","194.6","178.2","16.4","2.15","1.00","-","-","27.71","32.20"
"72","不動產業","13603","21797","19515","2282","-","186.5","180.9","5.6","1.61","1.81","-","-","56.89","58.56"
"72","專業、科學及技術服務業","68899","15544","14134","1410","-","199.9","192.8","7.1","4.31","3.97","-","-","30.04","33.18"
"72","支援服務業","30319","12694","11892","802","-","202.4","195.9","6.5","3.51","2.66","-","-","38.91","40.20"
"72","醫療保健服務業","57805","14119","13131","988","-","194.5","190.0","4.5","4.12","1.48","-","-","25.47","28.33"
"72","藝術、娛樂及休閒服務業","20105","9871","9012","859","-","240.2","235.5","4.7","8.48","6.41","-","-","31.53","31.62"
"72","其他服務業","63760","9829","9415","414","-","248.8","245.6","3.2","5.04","5.00","-","-","32.54","34.76"
"73","工業部門","2801680","12543","11274","1269","-","209.8","195.4","14.4","4.61","4.13","29.17","86.21","29.51","32.95"
"73","服務業部門","1421290","15116","13416","1700","-","203.0","196.3","6.7","3.04","2.77","-","-","34.08","36.21"
"73","礦業及土石採取業","35342","15773","15226","547","-","184.9","179.2","5.7","3.17","4.00","60.64","48.17","29.57","37.46"
"73","製造業","2412425","12151","10811","1340","-","211.7","195.6","16.1","4.50","3.89","29.66","84.63","28.66","32.16"
"73","電力及燃氣供應業","25125","25503","19135","6368","-","207.6","181.6","26.0","1.10","0.95","22.68","95.59","26.23","29.11"
"73","用水供應及污染整治業","12977","13102","11623","1479","-","196.4","189.0","7.4","2.57","2.11","-","-","27.73","30.89"
"73","營造業","315811","14122","13732","390","-","198.4","197.0","1.4","6.01","6.34","-","-","36.05","38.69"
"73","批發及零售業","650994","14419","12795","1624","-","200.0","194.9","5.1","3.44","3.39","-","-","36.62","37.81"
"73","運輸及倉儲業","226710","15183","13491","1692","-","211.5","199.2","12.3","2.12","1.98","-","-","31.33","34.32"
"73","住宿及餐飲業","83470","10632","9821","811","-","215.2","210.9","4.3","4.28","3.86","-","-","42.60","42.32"
"73","資訊及通訊傳播業","67232","18111","16034","2077","-","184.8","181.3","3.5","1.85","1.30","-","-","29.63","32.90"
"73","金融及保險業","116099","21505","17426","4079","-","193.9","178.6","15.3","2.25","1.82","-","-","31.14","33.50"
"73","不動產業","14041","22150","20324","1826","-","190.2","186.1","4.1","3.62","3.18","-","-","57.81","60.99"
"73","專業、科學及技術服務業","72531","17195","15836","1359","-","197.7","191.8","5.9","3.72","3.14","-","-","33.23","37.17"
"73","支援服務業","33323","13638","13008","630","-","194.5","190.4","4.1","2.71","2.18","-","-","41.81","43.97"
"73","醫療保健服務業","67265","16683","15253","1430","-","193.2","189.9","3.3","2.17","1.10","-","-","30.10","32.91"
"73","藝術、娛樂及休閒服務業","20078","10277","9654","623","-","230.4","226.4","4.0","2.99","2.64","-","-","32.83","33.87"
"73","其他服務業","69547","10235","9658","577","-","236.2","233.8","2.4","3.41","2.67","-","-","33.89","35.65"
"74","工業部門","2880637","13099","11792","1307","492","204.6","193.2","11.4","3.36","3.28","29.95","90.40","30.82","34.46"
"74","服務業部門","1461762","15716","13997","1719","192","202.3","196.3","6.0","2.61","2.49","-","-","35.43","37.78"
"74","礦業及土石採取業","32752","16322","15686","636","151","183.0","179.0","4.0","2.99","3.61","60.72","50.28","30.60","38.59"
"74","製造業","2491789","12677","11372","1305","546","205.4","192.6","12.8","3.38","3.28","30.35","88.93","29.90","33.83"
"74","電力及燃氣供應業","25588","29007","21309","7698","1295","195.3","181.9","13.4","0.45","0.24","25.21","103.99","29.83","32.42"
"74","用水供應及污染整治業","13402","13977","12343","1634","192","196.0","188.7","7.3","1.01","0.89","-","-","29.58","32.80"
"74","營造業","317106","14763","13899","864","47","200.6","199.7","0.9","3.57","3.59","-","-","37.69","39.16"
"74","批發及零售業","663650","14413","13191","1222","139","199.8","196.4","3.4","2.99","2.87","-","-","36.60","38.98"
"74","運輸及倉儲業","224004","16526","14489","2037","355","211.3","197.7","13.6","1.67","1.92","-","-","34.10","36.86"
"74","住宿及餐飲業","90466","10619","9688","931","51","219.5","217.7","1.8","4.06","3.59","-","-","42.54","41.74"
"74","資訊及通訊傳播業","70259","20481","17226","3255","170","172.6","168.0","4.6","1.33","1.16","-","-","33.50","35.34"
"74","金融及保險業","123483","23247","18582","4665","328","191.4","177.3","14.1","1.76","1.34","-","-","33.66","35.72"
"74","不動產業","14034","23135","20370","2765","236","193.6","187.5","6.1","1.79","2.03","-","-","60.38","61.13"
"74","專業、科學及技術服務業","76161","17896","16537","1359","325","195.8","189.8","6.0","3.38","3.12","-","-","34.59","38.82"
"74","支援服務業","34099","14452","13246","1206","178","197.8","192.9","4.9","2.53","2.67","-","-","44.30","44.78"
"74","醫療保健服務業","75629","17583","16088","1495","102","194.3","190.6","3.7","1.77","0.95","-","-","31.72","34.72"
"74","藝術、娛樂及休閒服務業","20447","10076","9550","526","134","218.7","214.6","4.1","3.01","3.02","-","-","32.19","33.51"
"74","其他服務業","69530","10351","9636","715","91","237.8","235.6","2.2","3.11","3.30","-","-","34.27","35.57"
"75","工業部門","3001070","14247","12445","1802","786","207.0","192.6","14.4","4.19","3.67","32.04","90.69","33.52","36.37"
"75","服務業部門","1491501","16871","14831","2040","319","201.8","195.1","6.7","3.06","2.81","-","-","38.03","40.03"
"75","礦業及土石採取業","30529","17181","15976","1205","235","181.8","178.3","3.5","2.50","3.14","61.32","52.78","32.21","39.31"
"75","製造業","2604154","13960","12054","1906","868","209.0","192.8","16.2","4.09","3.50","32.56","89.21","32.93","35.85"
"75","電力及燃氣供應業","26149","28998","22674","6324","1431","192.6","182.3","10.3","0.41","0.23","28.01","94.90","29.82","34.50"
"75","用水供應及污染整治業","13975","15356","13262","2094","282","197.4","190.9","6.5","1.96","1.31","-","-","32.50","35.25"
"75","營造業","326263","15037","14380","657","153","195.0","193.2","1.8","5.57","5.37","-","-","38.39","40.52"
"75","批發及零售業","673211","15787","14207","1580","292","199.0","193.7","5.3","3.50","3.35","-","-","40.09","41.98"
"75","運輸及倉儲業","223086","17469","15275","2194","514","210.5","197.7","12.8","1.70","1.69","-","-","36.05","38.86"
"75","住宿及餐飲業","97097","10525","10056","469","65","210.0","208.6","1.4","5.83","4.80","-","-","42.17","43.33"
"75","資訊及通訊傳播業","70124","23187","18824","4363","207","185.5","181.5","4.0","1.00","0.88","-","-","37.93","38.62"
"75","金融及保險業","129172","24565","19344","5221","405","190.2","176.9","13.3","1.90","1.35","-","-","35.57","37.18"
"75","不動產業","13971","22068","19431","2637","462","196.0","190.9","5.1","3.22","3.21","-","-","57.60","58.31"
"75","專業、科學及技術服務業","78636","18417","16694","1723","448","197.4","191.3","6.1","4.12","3.75","-","-","35.60","39.19"
"75","支援服務業","33868","15948","14047","1901","350","197.3","191.4","5.9","2.32","2.10","-","-","48.89","47.48"
"75","醫療保健服務業","82872","19142","17089","2053","317","193.5","188.4","5.1","2.09","1.20","-","-","34.53","36.88"
"75","藝術、娛樂及休閒服務業","20112","10869","10144","725","164","216.0","211.9","4.1","3.11","3.23","-","-","34.72","35.59"
"75","其他服務業","69352","10323","9710","613","127","241.4","238.4","3.0","3.98","3.85","-","-","34.18","35.84"
"76","工業部門","3095539","15563","13410","2153","851","206.9","192.7","14.2","4.12","3.96","34.21","92.57","36.61","39.19"
"76","服務業部門","1567463","18338","15718","2620","340","202.0","195.4","6.6","3.00","2.36","-","-","41.34","42.42"
"76","礦業及土石採取業","27298","17863","16631","1232","286","184.5","180.6","3.9","1.91","2.88","65.42","50.67","33.49","40.92"
"76","製造業","2686716","15333","13039","2294","937","209.2","193.3","15.9","4.17","4.03","34.74","91.35","36.17","38.78"
"76","電力及燃氣供應業","26546","30242","23825","6417","1059","188.5","181.1","7.4","0.41","0.30","31.28","90.54","31.10","36.25"
"76","用水供應及污染整治業","16134","15752","13822","1930","335","195.7","190.2","5.5","2.43","1.20","-","-","33.34","36.73"
"76","營造業","338845","16045","15258","787","221","192.3","189.7","2.6","4.26","3.85","-","-","40.96","42.99"
"76","批發及零售業","694282","17196","15230","1966","292","200.7","195.5","5.2","3.31","2.71","-","-","43.67","45.00"
"76","運輸及倉儲業","226529","18390","16018","2372","456","208.2","197.2","11.0","1.67","1.37","-","-","37.95","40.75"
"76","住宿及餐飲業","111836","11151","10229","922","85","206.2","204.1","2.1","5.10","4.05","-","-","44.68","44.07"
"76","資訊及通訊傳播業","72380","24686","20097","4589","287","186.0","182.3","3.7","1.02","0.66","-","-","40.38","41.23"
"76","金融及保險業","141392","28054","20143","7911","430","189.5","176.1","13.4","2.42","1.56","-","-","40.63","38.72"
"76","不動產業","16722","23788","20947","2841","349","196.4","191.9","4.5","5.30","2.86","-","-","62.09","62.86"
"76","專業、科學及技術服務業","83476","20490","17854","2636","694","199.0","191.6","7.4","3.52","2.84","-","-","39.60","41.91"
"76","支援服務業","38048","16288","14473","1815","460","200.0","192.5","7.5","3.41","2.11","-","-","49.93","48.93"
"76","醫療保健服務業","89925","20453","18046","2407","383","192.7","187.6","5.1","1.90","1.35","-","-","36.90","38.94"
"76","藝術、娛樂及休閒服務業","20719","11854","10940","914","405","212.8","206.6","6.2","4.59","3.69","-","-","37.87","38.38"
"76","其他服務業","72154","11460","10366","1094","176","242.1","239.3","2.8","3.52","3.04","-","-","37.94","38.27"
"77","工業部門","3114459","17282","14815","2467","876","204.9","192.2","12.7","3.64","3.62","36.15","98.49","40.66","43.30"
"77","服務業部門","1704595","20441","16928","3513","385","198.2","191.8","6.4","2.97","2.26","-","-","46.08","45.69"
"77","礦業及土石採取業","23723","19762","17811","1951","504","185.9","180.2","5.7","1.22","2.40","73.13","49.79","37.05","43.82"
"77","製造業","2694696","16987","14389","2598","950","206.6","192.5","14.1","3.69","3.73","36.57","97.54","40.07","42.80"
"77","電力及燃氣供應業","27138","34495","25937","8558","1282","188.8","180.7","8.1","0.50","0.28","33.25","96.94","35.48","39.46"
"77","用水供應及污染整治業","16969","20688","18398","2290","346","193.1","188.7","4.4","2.13","1.67","-","-","43.78","48.89"
"77","營造業","351933","17879","16846","1033","329","194.8","191.8","3.0","3.66","3.23","-","-","45.65","47.47"
"77","批發及零售業","760076","19024","16090","2934","319","195.2","190.3","4.9","3.13","2.41","-","-","48.31","47.54"
"77","運輸及倉儲業","234200","20173","17257","2916","592","206.1","195.2","10.9","1.58","1.33","-","-","41.63","43.90"
"77","住宿及餐飲業","125230","12142","11123","1019","109","200.3","198.4","1.9","5.86","5.08","-","-","48.65","47.93"
"77","資訊及通訊傳播業","75626","27544","21960","5584","398","186.2","181.3","4.9","1.19","0.71","-","-","45.06","45.06"
"77","金融及保險業","162580","32362","21940","10422","481","189.3","177.2","12.1","2.97","1.48","-","-","46.86","42.17"
"77","不動產業","22512","25924","23292","2632","408","194.7","187.5","7.2","4.40","1.86","-","-","67.66","69.90"
"77","專業、科學及技術服務業","90612","22883","19697","3186","762","195.6","188.1","7.5","3.47","2.68","-","-","44.23","46.24"
"77","支援服務業","41709","17197","15657","1540","399","198.7","192.3","6.4","2.94","2.16","-","-","52.72","52.93"
"77","醫療保健服務業","94310","22887","19859","3028","336","192.6","187.4","5.2","1.70","1.40","-","-","41.29","42.85"
"77","藝術、娛樂及休閒服務業","22018","13207","12053","1154","491","217.1","210.3","6.8","3.87","3.76","-","-","42.19","42.29"
"77","其他服務業","75722","12829","11413","1416","204","236.6","233.2","3.4","3.09","2.77","-","-","42.48","42.13"
"78","工業部門","3032616","19918","16761","3157","1021","202.4","190.1","12.3","3.55","3.89","39.46","104.96","46.86","48.98"
"78","服務業部門","1837164","23440","18834","4606","518","194.7","188.7","6.0","2.71","2.18","-","-","52.84","50.83"
"78","礦業及土石採取業","20191","21689","19568","2121","780","187.8","180.2","7.6","1.43","2.88","75.65","52.27","40.66","48.14"
"78","製造業","2602013","19429","16200","3229","1076","203.6","190.2","13.4","3.51","3.95","39.91","103.86","45.83","48.19"
"78","電力及燃氣供應業","27607","42612","31116","11496","1897","189.6","179.7","9.9","0.43","0.32","33.59","118.07","43.83","47.34"
"78","用水供應及污染整治業","18230","23022","21318","1704","325","194.1","190.7","3.4","1.50","1.16","-","-","48.72","56.65"
"78","營造業","364575","21433","19290","2143","613","195.7","191.0","4.7","4.23","3.93","-","-","54.72","54.35"
"78","批發及零售業","817722","21021","17949","3072","423","191.6","187.1","4.5","2.70","2.32","-","-","53.38","53.04"
"78","運輸及倉儲業","238474","23368","19141","4227","911","203.5","192.7","10.8","1.60","1.56","-","-","48.22","48.70"
"78","住宿及餐飲業","135193","13491","12120","1371","142","193.0","190.8","2.2","5.30","4.64","-","-","54.05","52.22"
"78","資訊及通訊傳播業","80281","32565","24592","7973","508","186.5","181.8","4.7","1.31","0.85","-","-","53.27","50.46"
"78","金融及保險業","193140","39248","23686","15562","742","187.4","177.0","10.4","2.68","1.15","-","-","56.84","45.53"
"78","不動產業","27681","30359","25595","4764","589","193.7","184.5","9.2","3.27","1.93","-","-","79.24","76.81"
"78","專業、科學及技術服務業","98474","26065","22412","3653","820","191.9","185.2","6.7","3.11","2.43","-","-","50.38","52.61"
"78","支援服務業","46028","18896","16827","2069","361","198.1","193.1","5.0","3.02","2.19","-","-","57.92","56.88"
"78","醫療保健服務業","98267","25146","21761","3385","419","190.6","185.4","5.2","1.88","1.43","-","-","45.37","46.96"
"78","藝術、娛樂及休閒服務業","23134","16154","13999","2155","539","217.6","210.1","7.5","3.97","3.25","-","-","51.61","49.11"
"78","其他服務業","78770","14737","12949","1788","244","229.2","225.6","3.6","3.06","2.72","-","-","48.79","47.80"
"79","工業部門","2876211","22683","18889","3794","1159","200.0","188.0","12.0","3.32","3.64","42.61","111.49","53.36","55.20"
"79","服務業部門","1923758","26760","21373","5387","645","192.4","186.6","5.8","2.78","2.47","-","-","60.33","57.68"
"79","礦業及土石採取業","17773","26522","21954","4568","957","186.6","178.0","8.6","1.29","1.82","75.89","64.12","49.72","54.01"
"79","製造業","2434958","22011","18155","3856","1223","201.7","188.5","13.2","3.32","3.74","42.93","110.61","51.92","54.00"
"79","電力及燃氣供應業","28084","47466","35196","12270","2073","190.2","180.3","9.9","0.61","0.32","35.23","125.03","48.82","53.55"
"79","用水供應及污染整治業","19027","28249","24839","3410","358","192.2","189.6","2.6","1.96","1.35","-","-","59.78","66.01"
"79","營造業","376369","24719","21979","2740","730","190.5","186.0","4.5","3.70","3.45","-","-","63.11","61.93"
"79","批發及零售業","833893","24692","20554","4138","478","190.3","186.1","4.2","2.89","2.75","-","-","62.70","60.74"
"79","運輸及倉儲業","240546","26375","21497","4878","1115","201.7","190.8","10.9","1.67","1.53","-","-","54.43","54.69"
"79","住宿及餐飲業","136689","15448","13592","1856","190","187.3","184.9","2.4","4.39","4.54","-","-","61.89","58.56"
"79","資訊及通訊傳播業","84553","36866","28010","8856","843","187.7","181.0","6.7","1.44","1.05","-","-","60.30","57.47"
"79","金融及保險業","225700","39061","25342","13719","883","183.3","176.0","7.3","2.63","1.88","-","-","56.57","48.71"
"79","不動產業","33704","33984","27864","6120","855","194.8","184.5","10.3","4.03","2.26","-","-","88.70","83.62"
"79","專業、科學及技術服務業","108190","31149","25422","5727","1251","191.8","182.9","8.9","3.12","2.38","-","-","60.20","59.68"
"79","支援服務業","52718","22457","19325","3132","416","192.6","188.1","4.5","3.02","1.99","-","-","68.84","65.33"
"79","醫療保健服務業","103159","29158","25009","4149","513","190.7","185.1","5.6","1.91","1.63","-","-","52.60","53.97"
"79","藝術、娛樂及休閒服務業","25724","17888","15639","2249","671","207.1","200.0","7.1","5.17","4.15","-","-","57.14","54.87"
"79","其他服務業","78882","16902","14838","2064","258","224.4","221.1","3.3","3.07","3.10","-","-","55.96","54.78"
"80","工業部門","2853548","25359","20928","4431","1300","200.1","187.7","12.4","3.21","3.05","46.68","113.20","59.66","61.16"
"80","服務業部門","2000976","29052","23625","5427","639","192.0","186.6","5.4","2.71","2.05","-","-","65.49","63.76"
"80","礦業及土石採取業","16799","28671","24559","4112","965","191.7","183.7","8.0","1.43","1.99","71.09","72.02","53.75","60.42"
"80","製造業","2389507","24426","20019","4407","1395","201.9","188.1","13.8","3.19","3.14","47.00","112.06","57.62","59.54"
"80","電力及燃氣供應業","28819","58395","39545","18850","1845","191.0","183.1","7.9","0.46","0.45","37.28","144.77","60.06","60.17"
"80","用水供應及污染整治業","20456","29915","26611","3304","345","188.6","186.4","2.2","2.12","1.43","-","-","63.31","70.72"
"80","營造業","397967","28193","24588","3605","752","190.9","185.8","5.1","3.66","2.82","-","-","71.98","69.28"
"80","批發及零售業","866419","26435","22558","3877","409","189.9","186.2","3.7","2.95","2.16","-","-","67.13","66.66"
"80","運輸及倉儲業","243647","29897","24162","5735","1127","200.6","190.3","10.3","1.61","1.39","-","-","61.69","61.47"
"80","住宿及餐飲業","139380","17049","15053","1996","158","193.9","192.1","1.8","4.85","4.14","-","-","68.31","64.86"
"80","資訊及通訊傳播業","87906","41579","30498","11081","813","185.1","179.9","5.2","1.58","1.00","-","-","68.01","62.57"
"80","金融及保險業","232589","41031","28621","12410","914","182.4","175.8","6.6","1.60","1.40","-","-","59.42","55.02"
"80","不動產業","40192","39214","30676","8538","853","195.0","185.9","9.1","3.40","1.58","-","-","102.35","92.05"
"80","專業、科學及技術服務業","115336","33695","28050","5645","1445","189.7","179.7","10.0","2.81","2.18","-","-","65.12","65.85"
"80","支援服務業","57306","23702","21146","2556","488","188.3","183.4","4.9","3.50","2.46","-","-","72.66","71.48"
"80","醫療保健服務業","108839","32366","26802","5564","612","190.3","184.6","5.7","2.14","1.43","-","-","58.39","57.84"
"80","藝術、娛樂及休閒服務業","29327","18235","16161","2074","642","203.2","197.2","6.0","4.31","2.27","-","-","58.25","56.70"
"80","其他服務業","80035","18631","16676","1955","378","224.1","220.1","4.0","3.20","2.79","-","-","61.69","61.56"
"81","工業部門","2918826","27934","22925","5009","1431","199.9","187.7","12.2","3.09","2.94","48.50","120.30","65.72","67.00"
"81","服務業部門","2186296","31471","25235","6236","674","191.5","186.1","5.4","2.74","2.03","-","-","70.95","68.11"
"81","礦業及土石採取業","16401","31937","25755","6182","1007","189.7","181.9","7.8","1.85","1.82","70.54","81.72","59.87","63.36"
"81","製造業","2401151","26938","21837","5101","1550","201.8","188.1","13.7","3.07","3.08","48.75","119.45","63.54","64.95"
"81","電力及燃氣供應業","28997","60937","41995","18942","1857","189.3","181.6","7.7","0.43","0.27","39.32","144.52","62.67","63.90"
"81","用水供應及污染整治業","21666","31017","26678","4339","379","187.2","185.0","2.2","1.68","1.63","-","-","65.64","70.90"
"81","營造業","450611","30825","27208","3617","837","191.1","186.1","5.0","3.46","2.48","-","-","78.70","76.66"
"81","批發及零售業","962161","28152","23603","4549","448","189.1","185.2","3.9","2.79","1.94","-","-","71.49","69.74"
"81","運輸及倉儲業","252237","32271","26199","6072","1086","200.2","190.6","9.6","1.62","1.32","-","-","66.59","66.65"
"81","住宿及餐飲業","153155","18209","16111","2098","274","197.6","195.1","2.5","5.52","4.83","-","-","72.95","69.42"
"81","資訊及通訊傳播業","95630","44518","33004","11514","807","183.0","178.3","4.7","1.91","1.48","-","-","72.82","67.71"
"81","金融及保險業","242072","46380","31343","15037","1042","182.1","175.4","6.7","1.66","1.32","-","-","67.16","60.25"
"81","不動產業","54143","39911","33590","6321","824","195.8","186.6","9.2","4.36","1.71","-","-","104.17","100.80"
"81","專業、科學及技術服務業","126430","37883","30057","7826","1382","188.2","179.5","8.7","3.07","2.31","-","-","73.22","70.56"
"81","支援服務業","65478","25708","22089","3619","493","188.5","183.9","4.6","3.45","2.57","-","-","78.81","74.67"
"81","醫療保健服務業","116960","35670","29088","6582","696","187.4","181.9","5.5","2.09","1.52","-","-","64.35","62.77"
"81","藝術、娛樂及休閒服務業","35140","20463","17925","2538","906","205.8","198.2","7.6","3.66","2.96","-","-","65.37","62.89"
"81","其他服務業","82890","21485","18645","2840","396","224.1","220.4","3.7","2.74","2.63","-","-","71.14","68.83"
"82","工業部門","2945933","30039","24701","5338","1547","199.8","187.5","12.3","2.98","2.80","50.36","124.13","70.67","72.19"
"82","服務業部門","2352635","33799","26748","7051","739","191.5","186.1","5.4","2.79","2.27","-","-","76.19","72.19"
"82","礦業及土石採取業","16325","32875","27683","5192","1315","192.6","184.5","8.1","1.78","1.82","69.13","84.55","61.63","68.11"
"82","製造業","2390317","28822","23376","5446","1699","201.9","187.9","14.0","2.95","2.88","50.37","123.87","67.99","69.53"
"82","電力及燃氣供應業","29307","64897","45308","19589","1905","189.5","182.1","7.4","0.23","0.24","42.18","143.22","66.75","68.94"
"82","用水供應及污染整治業","21590","33927","29556","4371","559","190.2","186.0","4.2","1.52","1.60","-","-","71.80","78.55"
"82","營造業","488394","33638","29638","4000","828","190.9","186.1","4.8","3.41","2.65","-","-","85.88","83.51"
"82","批發及零售業","1055803","30548","24733","5815","573","189.1","184.6","4.5","2.98","2.37","-","-","77.57","73.08"
"82","運輸及倉儲業","258385","34767","27800","6967","1137","198.5","189.5","9.0","1.56","1.48","-","-","71.74","70.73"
"82","住宿及餐飲業","160195","18950","17078","1872","324","200.7","197.8","2.9","4.73","4.48","-","-","75.92","73.58"
"82","資訊及通訊傳播業","99315","48781","35896","12885","833","183.8","179.5","4.3","1.83","1.44","-","-","79.79","73.65"
"82","金融及保險業","247320","50035","34085","15950","1107","182.8","175.9","6.9","1.57","1.32","-","-","72.46","65.52"
"82","不動產業","69525","42402","34334","8068","615","195.8","189.5","6.3","4.29","2.79","-","-","110.67","103.03"
"82","專業、科學及技術服務業","138406","40699","32395","8304","1288","187.3","179.5","7.8","3.53","2.80","-","-","78.66","76.04"
"82","支援服務業","72825","27785","23578","4207","644","190.7","185.9","4.8","3.33","2.47","-","-","85.17","79.70"
"82","醫療保健服務業","126633","37176","30889","6287","851","186.9","181.3","5.6","2.19","1.50","-","-","67.07","66.65"
"82","藝術、娛樂及休閒服務業","38021","21124","18713","2411","809","207.9","201.2","6.7","3.34","2.69","-","-","67.48","65.65"
"82","其他服務業","86207","22150","19609","2541","284","219.9","217.7","2.2","3.08","2.58","-","-","73.34","72.39"
"83","工業部門","3033672","31829","26100","5729","1824","201.0","187.1","13.9","2.79","2.65","52.23","127.17","74.88","76.28"
"83","服務業部門","2528170","35860","28268","7592","848","191.1","185.3","5.8","2.92","2.13","-","-","80.84","76.29"
"83","礦業及土石採取業","15750","33887","29092","4795","1177","190.8","184.5","6.3","1.45","1.93","72.62","83.73","63.53","71.57"
"83","製造業","2433370","30748","24741","6007","1983","202.4","186.8","15.6","2.63","2.57","52.14","127.22","72.53","73.59"
"83","電力及燃氣供應業","29370","69330","48935","20395","2237","189.6","181.5","8.1","0.32","0.37","45.56","141.65","71.31","74.46"
"83","用水供應及污染整治業","22242","38065","31868","6197","716","194.4","188.8","5.6","2.59","2.12","-","-","80.56","84.69"
"83","營造業","532940","34379","30716","3663","1140","195.4","188.5","6.9","3.69","3.16","-","-","87.77","86.55"
"83","批發及零售業","1145744","32089","26321","5768","738","189.5","184.4","5.1","3.40","2.45","-","-","81.49","77.78"
"83","運輸及倉儲業","264590","36711","29297","7414","1296","197.6","188.3","9.3","1.32","0.99","-","-","75.76","74.53"
"83","住宿及餐飲業","168657","20373","18023","2350","234","198.5","196.3","2.2","3.82","3.26","-","-","81.62","77.66"
"83","資訊及通訊傳播業","105324","52229","37945","14284","899","185.8","181.5","4.3","1.55","0.95","-","-","85.43","77.85"
"83","金融及保險業","266597","56462","36033","20429","1123","180.9","174.0","6.9","1.91","1.06","-","-","81.76","69.26"
"83","不動產業","79555","42056","34040","8016","885","198.5","189.0","9.5","3.56","2.49","-","-","109.77","102.15"
"83","專業、科學及技術服務業","150397","40700","33719","6981","1322","185.8","177.8","8.0","3.52","2.60","-","-","78.66","79.15"
"83","支援服務業","81731","29018","25098","3920","956","193.6","186.9","6.7","3.82","2.55","-","-","88.95","84.84"
"83","醫療保健服務業","135848","39633","32596","7037","882","185.5","179.9","5.6","1.94","1.40","-","-","71.50","70.34"
"83","藝術、娛樂及休閒服務業","39972","22133","19677","2456","652","207.4","202.4","5.0","3.78","3.46","-","-","70.71","69.03"
"83","其他服務業","89755","23205","20817","2388","314","215.9","213.4","2.5","3.10","2.89","-","-","76.83","76.85"
"84","工業部門","2997526","33435","27265","6170","1902","200.1","186.2","13.9","2.67","2.88","56.17","125.59","78.66","79.68"
"84","服務業部門","2764017","37509","29647","7862","793","187.9","182.8","5.1","2.99","2.57","-","-","84.56","80.01"
"84","礦業及土石採取業","14589","35633","30512","5121","1116","189.0","183.7","5.3","1.49","2.25","76.52","84.36","66.80","75.07"
"84","製造業","2398155","32489","25987","6502","2059","201.5","186.1","15.4","2.50","2.67","56.03","125.79","76.64","77.30"
"84","電力及燃氣供應業","29199","71940","51319","20621","2359","187.0","178.6","8.4","0.25","0.18","49.66","136.76","73.99","78.08"
"84","用水供應及污染整治業","23062","39072","33163","5909","530","192.6","188.9","3.7","2.01","2.01","-","-","82.69","88.13"
"84","營造業","532521","35278","31355","3923","1249","194.9","187.1","7.8","3.67","4.07","-","-","90.07","88.35"
"84","批發及零售業","1278799","34150","27844","6306","635","185.5","181.4","4.1","3.27","2.86","-","-","86.72","82.28"
"84","運輸及倉儲業","279102","39258","30472","8786","1308","195.9","187.0","8.9","1.55","1.20","-","-","81.01","77.52"
"84","住宿及餐飲業","178892","22316","18841","3475","156","192.8","191.4","1.4","4.32","4.19","-","-","89.41","81.18"
"84","資訊及通訊傳播業","113964","54649","39950","14699","837","185.1","181.1","4.0","1.82","1.10","-","-","89.39","81.97"
"84","金融及保險業","294337","54658","36519","18139","1175","179.6","172.3","7.3","2.14","1.44","-","-","79.15","70.20"
"84","不動產業","88230","40614","33970","6644","664","194.6","187.5","7.1","3.69","3.21","-","-","106.01","101.94"
"84","專業、科學及技術服務業","164303","42718","35525","7193","1458","182.4","174.2","8.2","3.92","3.54","-","-","82.56","83.39"
"84","支援服務業","89206","32927","27741","5186","856","191.8","185.8","6.0","4.05","3.88","-","-","100.93","93.78"
"84","醫療保健服務業","143162","41623","34852","6771","794","185.4","180.6","4.8","1.97","1.55","-","-","75.09","75.21"
"84","藝術、娛樂及休閒服務業","40101","22116","19485","2631","815","200.1","194.6","5.5","3.98","3.99","-","-","70.65","68.36"
"84","其他服務業","93921","25077","22159","2918","268","214.5","212.6","1.9","2.80","2.24","-","-","83.03","81.80"
"85","工業部門","2915667","34692","28290","6402","1951","199.4","185.6","13.8","2.32","2.50","59.28","124.67","81.61","82.68"
"85","服務業部門","2771434","38811","31309","7502","809","186.8","181.9","4.9","2.63","2.71","-","-","87.49","84.50"
"85","礦業及土石採取業","13459","37354","31346","6008","1296","188.7","182.8","5.9","1.35","2.07","57.84","117.19","70.02","77.12"
"85","製造業","2353433","33833","27020","6813","2111","201.1","185.8","15.3","2.20","2.29","58.94","125.00","79.81","80.37"
"85","電力及燃氣供應業","29202","79953","53487","26466","2308","186.0","178.4","7.6","0.27","0.28","56.35","134.65","82.23","81.38"
"85","用水供應及污染整治業","22899","39304","34299","5005","550","194.7","190.5","4.2","2.26","1.84","-","-","83.18","91.15"
"85","營造業","496674","35817","32470","3347","1258","193.3","185.2","8.1","3.01","3.67","-","-","91.44","91.49"
"85","批發及零售業","1252083","34904","29197","5707","675","184.2","180.1","4.1","2.94","3.22","-","-","88.63","86.27"
"85","運輸及倉儲業","280905","40983","33029","7954","1310","196.2","187.9","8.3","1.34","1.43","-","-","84.57","84.03"
"85","住宿及餐飲業","173252","22198","19486","2712","149","186.4","185.1","1.3","3.97","4.29","-","-","88.93","83.96"
"85","資訊及通訊傳播業","121441","55873","42119","13754","623","184.1","181.2","2.9","1.67","1.40","-","-","91.39","86.42"
"85","金融及保險業","307786","56886","37925","18961","1248","180.9","173.3","7.6","1.82","1.53","-","-","82.38","72.90"
"85","不動產業","89098","40445","35018","5427","576","187.3","184.1","3.2","2.89","2.89","-","-","105.56","105.08"
"85","專業、科學及技術服務業","170480","43217","36986","6231","1316","181.9","174.0","7.9","3.20","2.97","-","-","83.53","86.82"
"85","支援服務業","91514","33649","29169","4480","925","194.1","187.5","6.6","3.28","3.02","-","-","103.15","98.60"
"85","醫療保健服務業","152021","44797","37505","7292","805","185.1","180.8","4.3","1.92","1.42","-","-","80.82","80.93"
"85","藝術、娛樂及休閒服務業","38360","23532","20752","2780","737","196.9","191.8","5.1","3.50","4.41","-","-","75.17","72.81"
"85","其他服務業","94494","25846","23041","2805","338","216.0","213.8","2.2","2.37","2.88","-","-","85.57","85.06"
"86","工業部門","2937928","36174","29318","6856","2143","199.9","185.2","14.7","2.47","2.28","62.55","123.01","85.10","85.68"
"86","服務業部門","2819766","40901","32709","8192","910","187.5","182.1","5.4","2.82","2.50","-","-","92.20","88.28"
"86","礦業及土石採取業","12462","38545","32372","6173","1414","190.6","184.3","6.3","1.27","1.78","61.82","112.00","72.26","79.64"
"86","製造業","2382550","35402","28101","7301","2340","201.8","185.5","16.3","2.31","2.12","62.22","123.46","83.51","83.58"
"86","電力及燃氣供應業","29209","80437","55718","24719","2113","184.4","177.7","6.7","0.25","0.36","60.42","127.38","82.73","84.78"
"86","用水供應及污染整治業","23854","40281","34755","5526","568","190.8","186.4","4.4","2.01","1.92","-","-","85.25","92.36"
"86","營造業","489853","37029","33320","3709","1283","192.1","184.0","8.1","3.39","3.22","-","-","94.54","93.88"
"86","批發及零售業","1274611","36406","30337","6069","851","186.5","181.4","5.1","3.17","2.79","-","-","92.45","89.64"
"86","運輸及倉儲業","277454","42715","34560","8155","1304","195.9","187.9","8.0","1.46","1.45","-","-","88.14","87.92"
"86","住宿及餐飲業","169010","23528","20497","3031","174","183.8","182.3","1.5","4.13","4.36","-","-","94.26","88.31"
"86","資訊及通訊傳播業","124783","58831","43267","15564","637","183.3","180.5","2.8","2.01","1.55","-","-","96.23","88.77"
"86","金融及保險業","326615","60597","40534","20063","1307","180.0","173.3","6.7","2.28","1.65","-","-","87.75","77.92"
"86","不動產業","94484","40666","33912","6754","489","187.1","183.8","3.3","3.07","2.12","-","-","106.14","101.76"
"86","專業、科學及技術服務業","172904","45904","38495","7409","1257","181.9","174.3","7.6","3.27","3.24","-","-","88.72","90.36"
"86","支援服務業","95465","35394","30067","5327","994","195.1","187.4","7.7","3.57","2.85","-","-","108.50","101.64"
"86","醫療保健服務業","157640","47378","39496","7882","1022","187.6","182.0","5.6","1.70","1.49","-","-","85.48","85.23"
"86","藝術、娛樂及休閒服務業","37166","24893","21948","2945","830","198.8","193.5","5.3","3.16","2.85","-","-","79.52","77.00"
"86","其他服務業","89634","26929","23429","3500","369","213.5","211.0","2.5","2.54","2.73","-","-","89.16","86.49"
"87","工業部門","2929552","37229","30122","7107","2111","196.1","182.1","14.0","2.29","2.50","66.06","122.55","87.58","88.03"
"87","服務業部門","2868244","42170","33896","8274","810","184.2","179.6","4.6","2.85","2.86","-","-","95.07","91.48"
"87","礦業及土石採取業","11568","40083","33522","6561","1475","189.9","182.7","7.2","1.64","2.20","62.74","115.19","75.14","82.47"
"87","製造業","2389582","36431","28929","7502","2317","198.0","182.4","15.6","2.14","2.26","65.49","123.27","85.94","86.05"
"87","電力及燃氣供應業","28511","88192","57800","30392","2282","181.9","174.9","7.0","0.10","0.33","67.88","126.06","90.70","87.94"
"87","用水供應及污染整治業","23856","41708","35425","6283","575","187.3","183.3","4.0","2.24","2.34","-","-","88.27","94.15"
"87","營造業","476035","37886","34096","3790","1161","188.3","180.9","7.4","3.15","3.84","-","-","96.73","96.07"
"87","批發及零售業","1293578","37696","31341","6355","702","182.9","178.5","4.4","3.29","3.35","-","-","95.72","92.61"
"87","運輸及倉儲業","276732","44074","35656","8418","1231","192.9","185.4","7.5","1.37","1.49","-","-","90.95","90.71"
"87","住宿及餐飲業","162332","24039","20868","3171","235","184.5","182.6","1.9","3.82","4.15","-","-","96.31","89.91"
"87","資訊及通訊傳播業","137701","61421","44877","16544","772","180.9","177.9","3.0","2.31","1.62","-","-","100.47","92.07"
"87","金融及保險業","343637","59546","42171","17375","1160","175.5","170.5","5.0","1.98","1.77","-","-","86.23","81.06"
"87","不動產業","95262","41719","34905","6814","416","185.3","182.7","2.6","2.69","3.21","-","-","108.89","104.74"
"87","專業、科學及技術服務業","169733","47898","39110","8788","1254","178.4","172.2","6.2","2.98","3.23","-","-","92.57","91.81"
"87","支援服務業","102295","34814","30341","4473","687","188.4","183.2","5.2","4.48","4.21","-","-","106.72","102.57"
"87","醫療保健服務業","162753","48920","40839","8081","872","187.1","182.3","4.8","2.04","1.71","-","-","88.26","88.13"
"87","藝術、娛樂及休閒服務業","37546","26256","23054","3202","775","202.8","197.6","5.2","3.80","4.02","-","-","83.88","80.88"
"87","其他服務業","86675","29530","25107","4423","423","207.2","204.5","2.7","2.24","2.67","-","-","97.77","92.68"
"88","工業部門","2923472","38404","31061","7343","2268","196.6","181.7","14.9","2.45","2.24","70.23","118.94","90.35","90.77"
"88","服務業部門","2906905","43294","35086","8208","877","183.8","179.1","4.7","2.82","2.58","-","-","97.60","94.69"
"88","礦業及土石採取業","10679","41432","34775","6657","1310","185.9","179.7","6.2","0.80","1.80","63.85","119.51","77.67","85.56"
"88","製造業","2405286","37738","29935","7803","2488","199.0","182.5","16.5","2.22","1.96","69.87","119.12","89.02","89.04"
"88","電力及燃氣供應業","29691","91265","59926","31339","2650","183.0","175.4","7.6","0.82","0.33","66.90","131.55","93.87","91.18"
"88","用水供應及污染整治業","23910","44729","36232","8497","883","184.3","179.1","5.2","3.06","2.70","-","-","94.66","96.29"
"88","營造業","453906","38070","34777","3293","1174","185.5","178.3","7.2","3.82","3.84","-","-","97.20","97.99"
"88","批發及零售業","1320852","38695","32487","6208","780","182.9","178.3","4.6","3.33","2.93","-","-","98.26","96.00"
"88","運輸及倉儲業","275444","45072","36671","8401","1234","190.8","183.7","7.1","1.28","1.27","-","-","93.01","93.29"
"88","住宿及餐飲業","161955","25117","21588","3529","259","188.9","186.8","2.1","4.10","4.05","-","-","100.63","93.02"
"88","資訊及通訊傳播業","143048","61260","45861","15399","957","177.0","173.5","3.5","2.32","2.00","-","-","100.21","94.09"
"88","金融及保險業","352210","60332","43140","17192","1240","174.6","169.7","4.9","1.73","1.52","-","-","87.37","82.93"
"88","不動產業","87044","44429","36428","8001","614","180.7","177.1","3.6","2.62","3.64","-","-","115.96","109.31"
"88","專業、科學及技術服務業","167258","49574","40721","8853","1394","181.3","174.5","6.8","2.70","2.73","-","-","95.81","95.59"
"88","支援服務業","108182","34919","30847","4072","588","186.9","182.5","4.4","4.03","3.24","-","-","107.04","104.28"
"88","醫療保健服務業","172865","51020","42747","8273","885","185.1","180.9","4.2","2.18","1.61","-","-","92.05","92.24"
"88","藝術、娛樂及休閒服務業","34871","26524","24182","2342","645","202.0","198.2","3.8","4.07","4.75","-","-","84.73","84.84"
"88","其他服務業","83176","30825","26164","4661","454","208.1","205.1","3.0","2.27","2.65","-","-","102.06","96.59"
"89","工業部門","2958289","39498","31908","7590","2338","196.8","181.5","15.3","2.40","2.47","74.34","116.02","92.92","93.25"
"89","服務業部門","2975341","44210","35986","8224","817","183.5","179.0","4.5","2.80","2.72","-","-","99.66","97.12"
"89","礦業及土石採取業","9604","43067","36176","6891","1272","185.4","179.5","5.9","0.77","1.51","65.16","122.03","80.73","89.00"
"89","製造業","2458527","38914","30892","8022","2535","198.7","181.9","16.8","2.23","2.21","73.97","116.32","91.79","91.89"
"89","電力及燃氣供應業","29677","91805","60799","31006","2626","182.3","174.5","7.8","0.29","0.37","71.63","124.12","94.42","92.51"
"89","用水供應及污染整治業","23216","44341","36862","7479","1060","188.0","182.4","5.6","2.73","3.35","-","-","93.84","97.96"
"89","營造業","437265","38897","35303","3594","1300","187.5","179.5","8.0","3.54","4.00","-","-","99.31","99.47"
"89","批發及零售業","1372043","39541","33309","6232","718","182.9","178.4","4.5","3.33","3.22","-","-","100.41","98.43"
"89","運輸及倉儲業","276922","45949","37461","8488","1190","189.6","182.9","6.7","1.34","1.28","-","-","94.82","95.30"
"89","住宿及餐飲業","160880","26060","22447","3613","202","188.2","186.6","1.6","4.25","4.30","-","-","104.41","96.72"
"89","資訊及通訊傳播業","153910","62759","47787","14972","815","176.3","173.1","3.2","2.98","2.24","-","-","102.66","98.04"
"89","金融及保險業","363656","60872","43754","17118","1096","173.9","169.5","4.4","1.69","1.55","-","-","88.15","84.11"
"89","不動產業","74008","43716","36376","7340","566","178.3","174.7","3.6","1.29","2.75","-","-","114.10","109.16"
"89","專業、科學及技術服務業","163637","49844","41612","8232","1481","182.8","176.2","6.6","2.67","2.96","-","-","96.34","97.68"
"89","支援服務業","115825","35277","31357","3920","698","192.1","187.4","4.7","3.88","3.69","-","-","108.14","106.00"
"89","醫療保健服務業","180991","53397","44016","9381","833","182.5","178.7","3.8","1.84","1.63","-","-","96.33","94.98"
"89","藝術、娛樂及休閒服務業","32801","27592","25312","2280","504","199.1","195.9","3.2","4.04","4.66","-","-","88.14","88.80"
"89","其他服務業","80668","31335","27113","4222","329","208.1","205.9","2.2","2.26","2.23","-","-","103.75","100.09"
"90","工業部門","2810635","39005","32135","6870","1921","183.7","170.9","12.8","1.73","2.32","77.09","119.50","91.76","93.91"
"90","服務業部門","2905837","44818","36764","8054","800","177.0","172.6","4.4","2.28","2.62","-","-","101.03","99.22"
"90","礦業及土石採取業","8429","44069","37224","6845","1134","184.4","178.9","5.5","0.68","1.72","75.20","108.78","82.61","91.58"
"90","製造業","2348449","38412","31307","7105","2038","184.4","170.4","14.0","1.50","2.08","76.15","120.42","90.61","93.12"
"90","電力及燃氣供應業","29146","97399","61028","36371","2686","173.0","165.4","7.6","0.33","0.60","77.41","128.39","100.17","92.85"
"90","用水供應及污染整治業","22151","46002","37691","8311","661","183.5","180.0","3.5","1.90","2.29","-","-","97.36","100.17"
"90","營造業","402460","37746","34469","3277","1268","180.8","173.5","7.3","3.18","3.88","-","-","96.37","97.12"
"90","批發及零售業","1350327","39775","33627","6148","718","178.2","173.5","4.7","2.69","2.93","-","-","101.00","99.36"
"90","運輸及倉儲業","272065","48017","38092","9925","1118","181.6","175.0","6.6","1.35","1.64","-","-","99.09","96.91"
"90","住宿及餐飲業","148555","25973","22978","2995","179","175.6","174.3","1.3","3.47","4.35","-","-","104.06","99.00"
"90","資訊及通訊傳播業","156318","62100","48682","13418","582","166.2","163.6","2.6","1.84","2.20","-","-","101.58","99.88"
"90","金融及保險業","359652","62657","46212","16445","1089","166.2","161.9","4.3","1.25","1.52","-","-","90.74","88.83"
"90","不動產業","61679","42277","36362","5915","695","172.4","169.4","3.0","1.06","2.58","-","-","110.35","109.12"
"90","專業、科學及技術服務業","155053","49227","41636","7591","1464","175.8","169.6","6.2","2.58","3.13","-","-","95.14","97.74"
"90","支援服務業","114208","35579","31488","4091","806","187.0","181.3","5.7","4.03","4.20","-","-","109.06","106.44"
"90","醫療保健服務業","182598","54484","45373","9111","806","178.0","174.4","3.6","1.19","1.18","-","-","98.30","97.91"
"90","藝術、娛樂及休閒服務業","29017","28338","26196","2142","516","191.6","188.2","3.4","2.90","3.82","-","-","90.53","91.91"
"90","其他服務業","76365","29927","27194","2733","228","199.9","198.5","1.4","1.75","2.52","-","-","99.09","100.39"
"91","工業部門","2761841","38836","32243","6593","2086","185.8","171.5","14.3","2.14","1.99","83.40","108.56","91.36","94.23"
"91","服務業部門","2888364","44105","37138","6967","661","177.2","173.4","3.8","2.40","2.14","-","-","99.43","100.23"
"91","礦業及土石採取業","7833","44804","38888","5916","991","188.3","183.4","4.9","1.16","1.68","85.97","94.77","83.99","95.67"
"91","製造業","2318803","38435","31537","6898","2269","187.5","171.7","15.8","1.96","1.76","82.67","109.16","90.66","93.80"
"91","電力及燃氣供應業","28241","93466","62299","31167","1800","172.4","167.2","5.2","0.21","0.37","83.98","113.93","96.13","94.79"
"91","用水供應及污染整治業","21343","43917","37696","6221","464","182.3","179.4","2.9","2.06","2.25","-","-","92.94","100.18"
"91","營造業","385621","36844","33848","2996","1116","176.2","169.6","6.6","3.43","3.53","-","-","94.07","95.37"
"91","批發及零售業","1356986","39152","33961","5191","506","177.4","174.0","3.4","2.60","2.34","-","-","99.42","100.35"
"91","運輸及倉儲業","264397","46509","38220","8289","1097","180.9","174.3","6.6","1.33","1.40","-","-","95.97","97.23"
"91","住宿及餐飲業","149911","25687","23237","2450","146","175.7","174.6","1.1","4.45","3.68","-","-","102.91","100.12"
"91","資訊及通訊傳播業","150966","59239","48649","10590","552","169.5","167.0","2.5","2.03","1.90","-","-","96.90","99.81"
"91","金融及保險業","343749","65703","49546","16157","1090","168.6","164.0","4.6","1.30","1.49","-","-","95.15","95.24"
"91","不動產業","56363","40896","35244","5652","786","174.2","170.1","4.1","2.17","2.27","-","-","106.74","105.76"
"91","專業、科學及技術服務業","151891","45672","40705","4967","927","175.3","169.7","5.6","2.88","2.78","-","-","88.27","95.55"
"91","支援服務業","120358","34605","30920","3685","716","187.2","181.5","5.7","3.89","2.65","-","-","106.08","104.52"
"91","醫療保健服務業","188293","53841","45173","8668","826","179.2","175.6","3.6","1.62","1.10","-","-","97.14","97.48"
"91","藝術、娛樂及休閒服務業","29922","27888","26193","1695","427","191.5","188.8","2.7","4.31","2.91","-","-","89.09","91.90"
"91","其他服務業","75528","29236","26998","2238","189","199.9","198.6","1.3","2.31","1.76","-","-","96.80","99.66"
"92","工業部門","2808366","39851","32591","7260","2244","186.3","171.2","15.1","2.18","1.99","88.71","104.64","93.75","95.25"
"92","服務業部門","2976979","44153","36892","7261","655","176.6","172.9","3.7","2.61","2.30","-","-","99.54","99.57"
"92","礦業及土石採取業","7120","47720","39456","8264","984","185.5","181.2","4.3","1.20","2.08","89.18","98.77","89.46","97.07"
"92","製造業","2372733","39549","31942","7607","2455","188.2","171.4","16.8","1.98","1.73","88.24","104.88","93.29","95.01"
"92","電力及燃氣供應業","28414","95191","63002","32189","1569","171.4","166.7","4.7","0.49","0.44","87.57","111.95","97.90","95.86"
"92","用水供應及污染整治業","21131","43954","37623","6331","555","181.7","178.1","3.6","2.01","1.97","-","-","93.02","99.99"
"92","營造業","378968","37214","33959","3255","1090","175.6","169.5","6.1","3.59","3.76","-","-","95.01","95.68"
"92","批發及零售業","1373831","39610","34029","5581","455","176.0","173.2","2.8","2.63","2.58","-","-","100.58","100.55"
"92","運輸及倉儲業","259720","45934","37982","7952","1057","179.2","172.7","6.5","1.44","1.62","-","-","94.79","96.63"
"92","住宿及餐飲業","161598","24951","22958","1993","205","177.0","175.5","1.5","5.37","4.45","-","-","99.96","98.92"
"92","資訊及通訊傳播業","156404","60292","48176","12116","641","168.7","165.9","2.8","1.97","1.76","-","-","98.62","98.84"
"92","金融及保險業","349188","64645","48583","16062","1023","168.7","164.5","4.2","1.82","1.51","-","-","93.62","93.39"
"92","不動產業","58520","40431","35053","5378","557","178.1","174.6","3.5","2.68","2.08","-","-","105.53","105.19"
"92","專業、科學及技術服務業","157317","47429","40982","6447","1114","176.5","171.0","5.5","2.82","2.28","-","-","91.67","96.20"
"92","支援服務業","142752","32871","29855","3016","976","189.2","181.0","8.2","4.24","2.71","-","-","100.76","100.92"
"92","醫療保健服務業","201367","55702","45405","10297","892","177.0","173.5","3.5","1.89","1.23","-","-","100.49","97.98"
"92","藝術、娛樂及休閒服務業","34265","27666","25935","1731","358","188.6","186.7","1.9","4.92","3.64","-","-","88.38","90.99"
"92","其他服務業","82017","28947","26924","2023","233","197.3","195.5","1.8","2.23","1.49","-","-","95.84","99.39"
"93","工業部門","2900901","40841","33072","7769","2485","188.6","172.6","16.0","2.18","1.93","92.57","101.64","96.08","96.65"
"93","服務業部門","3124988","44396","36984","7412","742","178.7","174.4","4.3","2.62","2.22","-","-","100.08","99.81"
"93","礦業及土石採取業","6515","46307","39568","6739","879","184.3","180.7","3.6","1.02","1.85","94.28","91.23","86.81","97.35"
"93","製造業","2461369","40657","32470","8187","2708","190.6","172.7","17.9","2.02","1.78","92.45","101.69","95.90","96.58"
"93","電力及燃氣供應業","27894","94525","63943","30582","1540","172.2","167.8","4.4","0.27","0.47","91.75","105.61","97.22","97.29"
"93","用水供應及污染整治業","21540","42880","37283","5597","805","182.9","178.1","4.8","2.07","2.11","-","-","90.75","99.08"
"93","營造業","383583","37916","34345","3571","1237","177.3","171.4","5.9","3.37","2.98","-","-","96.80","96.77"
"93","批發及零售業","1409035","39819","34240","5579","663","180.1","175.8","4.3","2.52","2.26","-","-","101.11","101.18"
"93","運輸及倉儲業","260850","46986","38403","8583","997","182.5","175.9","6.6","1.51","1.45","-","-","96.96","97.70"
"93","住宿及餐飲業","189173","24813","22980","1833","137","169.2","168.1","1.1","5.26","4.17","-","-","99.41","99.01"
"93","資訊及通訊傳播業","160789","59417","48202","11215","656","169.4","166.6","2.8","2.13","1.91","-","-","97.19","98.90"
"93","金融及保險業","359774","66671","49040","17631","969","169.1","165.0","4.1","1.82","1.60","-","-","96.55","94.27"
"93","不動產業","63853","39781","34977","4804","427","185.4","182.2","3.2","3.66","2.66","-","-","103.83","104.96"
"93","專業、科學及技術服務業","168149","49311","41477","7834","1263","178.3","172.1","6.2","2.49","1.92","-","-","95.31","97.36"
"93","支援服務業","168261","32707","29625","3082","955","190.5","182.2","8.3","4.40","3.39","-","-","100.26","100.15"
"93","醫療保健服務業","217713","55341","45753","9588","894","176.3","173.0","3.3","1.95","1.41","-","-","99.84","98.73"
"93","藝術、娛樂及休閒服務業","40515","29662","27006","2656","550","185.2","181.3","3.9","5.99","4.83","-","-","94.76","94.75"
"93","其他服務業","86876","29421","26733","2688","310","199.9","197.7","2.2","1.94","1.67","-","-","97.41","98.69"
"94","工業部門","2933221","41908","33620","8288","2399","187.1","171.7","15.4","2.15","2.10","96.27","101.63","98.59","98.25"
"94","服務業部門","3267894","44290","36972","7318","718","177.4","173.1","4.3","2.94","2.56","-","-","99.84","99.78"
"94","礦業及土石採取業","5806","47671","40297","7374","1030","181.0","176.6","4.4","1.14","1.94","97.59","92.37","89.37","99.14"
"94","製造業","2479476","41858","33022","8836","2628","188.8","171.5","17.3","2.03","1.99","96.18","101.83","98.74","98.22"
"94","電力及燃氣供應業","27446","91184","64399","26785","1576","171.1","166.7","4.4","0.31","0.39","97.81","96.16","93.78","97.98"
"94","用水供應及污染整治業","20975","47647","38565","9082","1329","184.5","176.6","7.9","1.97","1.99","-","-","100.84","102.49"
"94","營造業","399518","38450","34865","3585","1109","177.7","172.7","5.0","3.09","2.87","-","-","98.17","98.24"
"94","批發及零售業","1455376","39545","33983","5562","602","177.6","173.5","4.1","3.08","2.80","-","-","100.42","100.42"
"94","運輸及倉儲業","259753","48618","39021","9597","1094","180.8","173.7","7.1","1.62","1.66","-","-","100.33","99.27"
"94","住宿及餐飲業","212767","25121","23267","1854","158","174.0","172.6","1.4","5.04","3.96","-","-","100.65","100.25"
"94","資訊及通訊傳播業","165339","61381","48469","12912","802","168.5","165.3","3.2","2.39","2.11","-","-","100.40","99.44"
"94","金融及保險業","369109","65113","49456","15657","892","168.0","164.2","3.8","1.67","1.51","-","-","94.29","95.07"
"94","不動產業","70602","38819","34558","4261","351","186.1","183.4","2.7","3.68","3.03","-","-","101.32","103.70"
"94","專業、科學及技術服務業","177111","50890","42148","8742","1175","175.5","169.6","5.9","2.59","2.25","-","-","98.36","98.94"
"94","支援服務業","191679","32815","29517","3298","968","188.9","180.4","8.5","5.37","4.20","-","-","100.59","99.78"
"94","醫療保健服務業","233022","55603","46486","9117","915","176.0","173.2","2.8","1.77","1.18","-","-","100.31","100.31"
"94","藝術、娛樂及休閒服務業","44706","29898","27828","2070","530","184.5","180.9","3.6","5.68","4.87","-","-","95.51","97.63"
"94","其他服務業","88430","30384","26772","3612","407","199.5","196.6","2.9","2.08","2.20","-","-","100.60","98.83"
"95","工業部門","2978557","42507","34218","8289","2387","185.9","170.5","15.4","2.38","2.22","100.00","100.00","100.00","100.00"
"95","服務業部門","3394504","44359","37053","7306","634","176.6","173.0","3.6","2.93","2.65","-","-","100.00","100.00"
"95","礦業及土石採取業","5335","53344","40646","12698","981","182.7","178.5","4.2","0.88","1.82","100.00","100.00","100.00","100.00"
"95","製造業","2510435","42393","33620","8773","2631","187.3","170.0","17.3","2.31","2.19","100.00","100.00","100.00","100.00"
"95","電力及燃氣供應業","27393","97230","65724","31506","1587","171.6","167.2","4.4","0.51","0.41","100.00","100.00","100.00","100.00"
"95","用水供應及污染整治業","22676","47251","37628","9623","1197","183.9","175.9","8.0","3.12","1.95","-","-","100.00","100.00"
"95","營造業","412718","39168","35491","3677","1041","178.1","173.1","5.0","2.90","2.53","-","-","100.00","100.00"
"95","批發及零售業","1486835","39380","33842","5538","422","175.3","172.7","2.6","3.05","2.98","-","-","100.00","100.00"
"95","運輸及倉儲業","260834","48460","39307","9153","1218","179.9","172.7","7.2","1.71","1.61","-","-","100.00","100.00"
"95","住宿及餐飲業","238302","24960","23209","1751","145","173.6","172.4","1.2","4.44","3.71","-","-","100.00","100.00"
"95","資訊及通訊傳播業","167593","61134","48740","12394","615","167.5","165.0","2.5","2.24","2.25","-","-","100.00","100.00"
"95","金融及保險業","366666","69054","52022","17032","917","168.6","165.0","3.6","1.75","1.90","-","-","100.00","100.00"
"95","不動產業","76624","38313","33324","4989","360","182.6","179.7","2.9","3.23","2.56","-","-","100.00","100.00"
"95","專業、科學及技術服務業","183787","51740","42600","9140","1148","174.9","169.3","5.6","2.76","2.28","-","-","100.00","100.00"
"95","支援服務業","226532","32622","29582","3040","1017","191.9","183.0","8.9","5.41","3.73","-","-","100.00","100.00"
"95","醫療保健服務業","249091","55429","46342","9087","859","175.3","172.6","2.7","1.67","1.11","-","-","100.00","100.00"
"95","藝術、娛樂及休閒服務業","50175","31303","28503","2800","487","186.3","183.2","3.1","5.94","4.82","-","-","100.00","100.00"
"95","其他服務業","88065","30203","27089","3114","292","201.2","199.2","2.0","2.03","2.04","-","-","100.00","100.00"
"96","工業部門","3024697","43302","34674","8628","2424","185.7","170.3","15.4","2.25","2.09","106.79","95.32","101.87","101.33"
"96","服務業部門","3484194","45380","37778","7602","651","175.8","172.3","3.5","2.72","2.56","-","-","102.30","101.96"
"96","礦業及土石採取業","4860","51057","40676","10381","1154","184.0","179.1","4.9","1.14","1.43","90.41","105.10","95.71","100.07"
"96","製造業","2543763","43169","34065","9104","2675","187.3","170.0","17.3","2.16","1.99","107.12","95.06","101.83","101.32"
"96","電力及燃氣供應業","27807","98448","65613","32835","1554","171.3","166.9","4.4","0.42","0.42","101.62","99.82","101.25","99.83"
"96","用水供應及污染整治業","24857","44447","36310","8137","1068","185.1","178.4","6.7","2.13","1.74","-","-","94.07","96.50"
"96","營造業","423410","40327","36138","4189","1061","176.9","171.5","5.4","2.87","2.82","-","-","102.96","101.82"
"96","批發及零售業","1486863","39475","34340","5135","445","174.8","172.1","2.7","2.63","2.64","-","-","100.24","101.47"
"96","運輸及倉儲業","262901","49234","39507","9727","1359","179.4","172.2","7.2","1.57","1.62","-","-","101.60","100.51"
"96","住宿及餐飲業","251850","25500","23583","1917","184","172.5","171.1","1.4","4.24","3.97","-","-","102.16","101.61"
"96","資訊及通訊傳播業","166379","63756","49150","14606","584","168.2","165.7","2.5","2.13","2.16","-","-","104.29","100.84"
"96","金融及保險業","370645","75732","55819","19913","851","167.1","163.9","3.2","1.88","1.68","-","-","109.67","107.30"
"96","不動產業","81842","37877","33184","4693","325","177.9","175.2","2.7","3.84","3.39","-","-","98.86","99.58"
"96","專業、科學及技術服務業","191816","53281","43024","10257","1240","175.2","169.3","5.9","2.51","2.32","-","-","102.98","101.00"
"96","支援服務業","268999","33139","30004","3135","893","188.6","180.9","7.7","5.38","4.20","-","-","101.58","101.43"
"96","醫療保健服務業","262377","56603","47347","9256","898","175.1","172.2","2.9","1.53","1.17","-","-","102.12","102.17"
"96","藝術、娛樂及休閒服務業","53918","31499","28907","2592","511","184.7","181.5","3.2","4.85","4.76","-","-","100.63","101.42"
"96","其他服務業","86604","29926","27161","2765","269","201.5","199.8","1.7","1.79","1.82","-","-","99.08","100.27"
"97","工業部門","3048257","43233","34779","8454","2209","183.5","169.8","13.7","1.97","2.23","105.68","97.37","101.71","101.64"
"97","服務業部門","3540343","45450","37838","7612","621","176.3","172.9","3.4","2.52","2.58","-","-","102.46","102.12"
"97","礦業及土石採取業","4698","51499","39940","11559","1097","184.2","179.7","4.5","1.16","1.53","89.06","107.52","96.54","98.26"
"97","製造業","2564542","43105","34123","8982","2400","184.7","169.5","15.2","1.77","2.08","106.02","97.31","101.68","101.50"
"97","電力及燃氣供應業","28015","89296","65144","24152","1555","172.7","168.2","4.5","0.56","0.27","98.25","92.89","91.84","99.12"
"97","用水供應及污染整治業","25695","44649","36085","8564","1046","186.5","180.0","6.5","2.07","2.15","-","-","94.49","95.90"
"97","營造業","425307","40792","36597","4195","1179","176.4","170.8","5.6","3.24","3.27","-","-","104.15","103.12"
"97","批發及零售業","1483763","39980","34747","5233","413","175.9","173.4","2.5","2.40","2.64","-","-","101.52","102.67"
"97","運輸及倉儲業","260020","49800","40172","9628","1309","179.1","172.1","7.0","1.48","1.61","-","-","102.77","102.20"
"97","住宿及餐飲業","263159","26747","24372","2375","242","172.3","170.5","1.8","4.47","4.12","-","-","107.16","105.01"
"97","資訊及通訊傳播業","171052","63888","49492","14396","630","169.4","166.8","2.6","2.02","1.71","-","-","104.50","101.54"
"97","金融及保險業","372937","71319","52150","19169","818","167.5","164.4","3.1","1.51","1.70","-","-","103.28","100.25"
"97","不動產業","83710","40343","34850","5493","326","180.3","178.4","1.9","3.01","3.09","-","-","105.30","104.58"
"97","專業、科學及技術服務業","196662","54524","44480","10044","1162","176.3","170.9","5.4","2.22","2.17","-","-","105.38","104.41"
"97","支援服務業","295369","32999","29866","3133","882","187.9","180.3","7.6","4.75","4.72","-","-","101.16","100.96"
"97","醫療保健服務業","276247","58122","48019","10103","774","174.4","171.8","2.6","1.55","1.08","-","-","104.86","103.62"
"97","藝術、娛樂及休閒服務業","52483","32053","29710","2343","274","181.4","179.6","1.8","4.07","4.34","-","-","102.40","104.23"
"97","其他服務業","84941","29311","27300","2011","278","200.0","197.9","2.1","1.76","2.14","-","-","97.05","100.78"
"98","工業部門","2884127","40032","33553","6479","1651","178.6","168.2","10.4","1.88","2.03","106.34","91.00","94.18","98.06"
"98","服務業部門","3520222","44114","37446","6668","550","175.2","172.2","3.0","2.33","2.35","-","-","99.45","101.06"
"98","礦業及土石採取業","4292","49674","40636","9038","1008","182.0","178.2","3.8","0.95","1.74","90.36","103.42","93.12","99.98"
"98","製造業","2411013","39152","32518","6634","1775","179.3","167.8","11.5","1.71","1.86","106.62","90.55","92.35","96.72"
"98","電力及燃氣供應業","28633","95996","64567","31429","1517","172.3","168.0","4.3","0.30","0.21","93.19","105.49","98.73","98.24"
"98","用水供應及污染整治業","25084","44234","36439","7795","803","182.9","177.8","5.1","1.64","1.58","-","-","93.61","96.84"
"98","營造業","415105","40930","37180","3750","1004","175.0","169.8","5.2","3.03","3.14","-","-","104.50","104.76"
"98","批發及零售業","1417507","40154","34633","5521","334","175.8","173.8","2.0","2.21","2.32","-","-","101.97","102.34"
"98","運輸及倉儲業","252412","48068","39685","8383","946","180.3","174.2","6.1","1.30","1.43","-","-","99.19","100.96"
"98","住宿及餐飲業","263545","27171","24570","2601","493","169.7","166.7","3.0","3.82","3.78","-","-","108.86","105.86"
"98","資訊及通訊傳播業","171111","62013","49308","12705","529","169.1","166.9","2.2","1.86","1.82","-","-","101.44","101.17"
"98","金融及保險業","357602","67513","52420","15093","763","168.1","165.2","2.9","1.22","1.47","-","-","97.77","100.77"
"98","不動產業","80580","38720","35106","3614","307","181.7","180.0","1.7","2.60","2.64","-","-","101.06","105.35"
"98","專業、科學及技術服務業","195250","49969","44274","5695","824","174.0","169.6","4.4","1.98","1.86","-","-","96.58","103.93"
"98","支援服務業","287644","31596","28913","2683","848","187.7","180.3","7.4","5.09","4.59","-","-","96.85","97.74"
"98","教育服務業","73713","22195","21332","863","30","140.9","140.7","0.2","2.29","2.56","-","-","-","-"
"98","醫療保健服務業","289341","57844","48381","9463","951","173.7","171.0","2.7","1.45","1.17","-","-","104.36","104.40"
"98","藝術、娛樂及休閒服務業","49725","31257","29352","1905","164","184.4","183.3","1.1","3.61","3.52","-","-","99.85","102.98"
"98","其他服務業","81792","29731","27264","2467","181","195.2","193.8","1.4","2.08","1.98","-","-","98.44","100.65"
"99","工業部門","3005541","42869","34314","8555","2446","187.1","171.8","15.3","2.61","2.20","124.02","80.02","100.85","100.28"
"99","服務業部門","3596379","45930","38040","7890","633","176.3","172.7","3.6","2.75","2.56","-","-","103.54","102.66"
"99","礦業及土石採取業","4158","52863","40975","11888","1061","185.0","180.7","4.3","1.05","1.28","105.51","92.77","99.10","100.81"
"99","製造業","2516826","42420","33383","9037","2727","189.0","171.7","17.3","2.56","2.11","125.00","79.42","100.06","99.30"
"99","電力及燃氣供應業","28873","96143","65031","31112","1556","173.3","168.9","4.4","0.26","0.28","96.62","101.38","98.88","98.95"
"99","用水供應及污染整治業","25730","45404","36462","8942","775","182.5","177.3","5.2","1.81","1.63","-","-","96.09","96.90"
"99","營造業","429954","41674","37507","4167","978","177.1","172.3","4.8","3.15","2.84","-","-","106.40","105.68"
"99","批發及零售業","1441092","41970","35338","6632","421","176.2","173.6","2.6","2.65","2.47","-","-","106.58","104.42"
"99","運輸及倉儲業","255135","49161","39670","9491","1217","181.5","173.8","7.7","1.79","1.65","-","-","101.45","100.92"
"99","住宿及餐飲業","272786","27829","24992","2837","418","171.8","169.1","2.7","4.86","4.50","-","-","111.49","107.68"
"99","資訊及通訊傳播業","174331","64425","49917","14508","514","170.0","167.7","2.3","2.09","1.92","-","-","105.38","102.41"
"99","金融及保險業","353459","73663","54507","19156","731","168.9","166.3","2.6","1.48","1.48","-","-","106.67","104.78"
"99","不動產業","87095","41154","35552","5602","309","180.1","178.1","2.0","3.25","2.33","-","-","107.42","106.69"
"99","專業、科學及技術服務業","201641","52942","44683","8259","1092","175.1","169.9","5.2","2.30","1.91","-","-","102.32","104.89"
"99","支援服務業","303026","32351","28930","3421","1077","192.1","182.6","9.5","5.62","5.55","-","-","99.17","97.80"
"99","教育服務業","74564","22457","21295","1162","176","139.1","138.0","1.1","2.34","2.11","-","-","-","-"
"99","醫療保健服務業","299384","57887","49080","8807","910","175.0","172.5","2.5","1.41","1.13","-","-","104.43","105.91"
"99","藝術、娛樂及休閒服務業","50983","32841","30150","2691","215","181.4","180.0","1.4","3.84","4.24","-","-","104.91","105.78"
"99","其他服務業","82883","30813","27512","3301","322","195.8","193.6","2.2","1.96","2.08","-","-","102.02","101.56"
"100","工業部門","3113379","43946","34750","9196","2353","184.1","169.8","14.3","2.38","2.20","128.19","80.99","103.39","101.55"
"100","服務業部門","3692894","47269","38665","8604","672","174.3","170.6","3.7","2.68","2.45","-","-","106.56","104.35"
"100","礦業及土石採取業","4024","54385","41523","12862","1020","181.5","177.4","4.1","1.26","1.16","106.94","95.99","101.95","102.16"
"100","製造業","2618487","43533","33920","9613","2580","185.3","169.4","15.9","2.36","2.14","129.28","80.30","102.69","100.89"
"100","電力及燃氣供應業","29047","94955","65770","29185","1546","170.6","166.3","4.3","0.48","0.26","99.64","98.56","97.66","100.07"
"100","用水供應及污染整治業","25691","46212","36648","9564","742","178.7","173.8","4.9","1.77","1.67","-","-","97.80","97.40"
"100","營造業","436130","42800","37493","5307","1152","178.3","172.4","5.9","2.73","2.69","-","-","109.27","105.64"
"100","批發及零售業","1475509","42847","35965","6882","451","173.9","171.3","2.6","2.41","2.21","-","-","108.80","106.27"
"100","運輸及倉儲業","262408","50441","40445","9996","1316","179.2","171.2","8.0","1.74","1.55","-","-","104.09","102.90"
"100","住宿及餐飲業","285810","29761","25731","4030","477","169.2","166.2","3.0","5.23","4.74","-","-","119.23","110.87"
"100","資訊及通訊傳播業","181165","66588","51103","15485","532","168.1","165.8","2.3","2.31","2.04","-","-","108.92","104.85"
"100","金融及保險業","358525","75988","54803","21185","745","165.9","163.4","2.5","1.56","1.42","-","-","110.04","105.35"
"100","不動產業","95700","42313","34758","7555","270","179.0","177.4","1.6","2.99","2.58","-","-","110.44","104.30"
"100","專業、科學及技術服務業","210074","55182","45550","9632","1040","173.2","168.4","4.8","2.18","1.96","-","-","106.65","106.92"
"100","支援服務業","307721","33065","29495","3570","1184","191.9","182.1","9.8","5.07","4.95","-","-","101.36","99.71"
"100","教育服務業","76622","22414","21223","1191","124","135.1","134.2","0.9","2.49","2.19","-","-","-","-"
"100","醫療保健服務業","307664","59887","50100","9787","966","173.9","171.0","2.9","1.65","1.37","-","-","108.04","108.11"
"100","藝術、娛樂及休閒服務業","48394","33438","30576","2862","297","182.5","180.3","2.2","4.64","4.65","-","-","106.82","107.27"
"100","其他服務業","83302","32529","28231","4298","483","196.6","193.1","3.5","1.93","1.86","-","-","107.70","104.22"
"101","工業部門","3151714","44280","35173","9107","2308","183.2","169.6","13.6","2.11","2.05","127.23","82.91","104.17","102.79"
"101","服務業部門","3766614","47233","39164","8069","683","174.6","171.0","3.6","2.43","2.29","-","-","106.48","105.70"
"101","礦業及土石採取業","3989","53129","42091","11038","1138","182.7","178.1","4.6","1.00","1.61","112.11","88.85","99.60","103.56"
"101","製造業","2651953","43994","34432","9562","2487","184.1","169.3","14.8","2.04","1.98","128.34","82.28","103.78","102.42"
"101","電力及燃氣供應業","29400","92457","66857","25600","2820","176.5","168.0","8.5","0.44","0.39","95.19","97.13","95.09","101.72"
"101","用水供應及污染整治業","26112","44031","36474","7557","723","178.6","174.0","4.6","1.67","1.63","-","-","93.19","96.93"
"101","營造業","440260","42728","37385","5343","1305","178.2","171.2","7.0","2.71","2.59","-","-","109.09","105.34"
"101","批發及零售業","1510447","42180","36171","6009","421","173.2","170.9","2.3","2.36","2.22","-","-","107.11","106.88"
"101","運輸及倉儲業","264751","50463","40590","9873","1721","181.0","170.9","10.1","1.97","1.88","-","-","104.13","103.26"
"101","住宿及餐飲業","302658","30156","26667","3489","391","171.3","169.0","2.3","3.92","3.52","-","-","120.82","114.90"
"101","資訊及通訊傳播業","184931","67309","52324","14985","574","168.7","166.3","2.4","2.04","1.87","-","-","110.10","107.35"
"101","金融及保險業","360031","76932","55250","21682","765","167.5","165.0","2.5","1.32","1.30","-","-","111.41","106.21"
"101","不動產業","97394","39957","35065","4892","275","180.0","178.2","1.8","2.90","2.69","-","-","104.29","105.22"
"101","專業、科學及技術服務業","213995","56198","46798","9400","1024","174.0","169.3","4.7","1.99","1.88","-","-","108.62","109.85"
"101","支援服務業","308727","33736","30320","3416","1106","191.9","183.3","8.6","4.24","4.24","-","-","103.41","102.49"
"101","教育服務業","77057","22769","21542","1227","98","132.4","131.7","0.7","1.72","1.84","-","-","-","-"
"101","醫療保健服務業","317147","60263","51010","9253","1041","174.7","171.8","2.9","1.59","1.34","-","-","108.72","110.07"
"101","藝術、娛樂及休閒服務業","47423","35531","31958","3573","438","183.9","181.0","2.9","4.01","4.27","-","-","113.51","112.12"
"101","其他服務業","82053","32683","28701","3982","438","196.2","193.2","3.0","1.95","2.06","-","-","108.21","105.95"
